Birmingham, Alabama, United States of America
Huntsville, Alabama, United States of America
Mobile, Alabama, United States of America
Tuscaloosa, Alabama, United States of America
Anchorage, Alaska, United States of America
Chandler, Arizona, United States of America
Gilbert, Arizona, United States of America
Glendale, Arizona, United States of America
Peoria, Arizona, United States of America
Phoenix, Arizona, United States of America
Scottsdale, Arizona, United States of America
Surprise, Arizona, United States of America
Tempe, Arizona, United States of America
Tucson, Arizona, United States of America
Arkansas, Arkansas, United States of America
Anaheim, California, United States of America
Antioch, California, United States of America
Berkeley, California, United States of America
Burbank, California, United States of America
Chula Vista, California, United States of America
Clovis, California, United States of America
Concord, California, United States of America
Corona, California, United States of America
Costa Mesa, California, United States of America
Daly City, California, United States of America
East Los Angeles, California, United States of America
El Cajon, California, United States of America
Elk Grove (incl. Laguna), California, United States of America
El Monte, California, United States of America
Escondido, California, United States of America
Fairfield, California, United States of America
Fontana, California, United States of America
Fremont, California, United States of America
Fresno, California, United States of America
Fullerton, California, United States of America
Garden Grove, California, United States of America
Hayward, California, United States of America
Huntington Beach, California, United States of America
Inglewood, California, United States of America
Irvine, California, United States of America
Jurupa Valley, California, United States of America
Lancaster, California, United States of America
Long Beach, California, United States of America
Los Angeles, California, United States of America
Modesto, California, United States of America
Moreno Valley, California, United States of America
Murrieta, California, United States of America
Norwalk, California, United States of America
Oakland, California, United States of America
Oceanside, California, United States of America
Ontario, California, United States of America
Orange, California, United States of America
Oxnard, California, United States of America
Palmdale, California, United States of America
Pasadena, California, United States of America
Pomona, California, United States of America
Rancho Cucamonga, California, United States of America
Rialto, California, United States of America
Richmond, California, United States of America
Riverside, California, United States of America
Roseville, California, United States of America
Sacramento, California, United States of America
Salinas, California, United States of America
San Bernardino, California, United States of America
San Buenaventura (Ventura), California, United States of America
San Diego, California, United States of America
San Francisco, California, United States of America
San Jose, California, United States of America
San Mateo, California, United States of America
Santa Ana, California, United States of America
Santa Clara, California, United States of America
Santa Clarita, California, United States of America
Santa Maria, California, United States of America
Santa Rosa, California, United States of America
Simi Valley, California, United States of America
Stockton, California, United States of America
Sunnyvale, California, United States of America
Temecula, California, United States of America
Thousand Oaks, California, United States of America
Torrance, California, United States of America
Vacaville, California, United States of America
Vallejo, California, United States of America
Victorville, California, United States of America
Visalia, California, United States of America
Vista, California, United States of America
West Covina, California, United States of America
Arvada, Colorado, United States of America
Aurora, Colorado, United States of America
Boulder, Colorado, United States of America
Centennial, Colorado, United States of America
Colorado Springs, Colorado, United States of America
Denver, Colorado, United States of America
Fort Collins, Colorado, United States of America
Greeley, Colorado, United States of America
Highlands Ranch, Colorado, United States of America
Lakewood, Colorado, United States of America
Pueblo, Colorado, United States of America
Westminster, Colorado, United States of America
Bridgeport, Connecticut, United States of America
Waterbury, Connecticut, United States of America
Delaware, Delaware, United States of America
Washington, District of Columbia, United States of America
Brandon, Florida, United States of America
Cape Coral, Florida, United States of America
Coral Springs, Florida, United States of America
Davie, Florida, United States of America
Fort Lauderdale, Florida, United States of America
Gainesville, Florida, United States of America
Hialeah, Florida, United States of America
Hollywood, Florida, United States of America
Jacksonville, Florida, United States of America
Lakeland, Florida, United States of America
Lehigh Acres, Florida, United States of America
Miami, Florida, United States of America
Miami Gardens (Carol City - Norland), Florida, United States of America
Miramar, Florida, United States of America
Orlando, Florida, United States of America
Palm Bay, Florida, United States of America
Pembroke Pines, Florida, United States of America
Pompano Beach, Florida, United States of America
Port St. Lucie, Florida, United States of America
Spring Hill, Florida, United States of America
Tallahassee, Florida, United States of America
Tampa, Florida, United States of America
The Villages, Florida, United States of America
West Palm Beach, Florida, United States of America
Athens (- Clarke County), Georgia, United States of America
Atlanta, Georgia, United States of America
Augusta (- Richmond County), Georgia, United States of America
Columbus, Georgia, United States of America
Macon (- Bibb County), Georgia, United States of America
Savannah, Georgia, United States of America
Honolulu (Urban Honolulu CDP), Hawaii, United States of America
Boise City, Idaho, United States of America
Chicago, Illinois, United States of America
Joliet, Illinois, United States of America
Naperville, Illinois, United States of America
Rockford, Illinois, United States of America
Springfield, Illinois, United States of America
Evansville, Indiana, United States of America
Fort Wayne, Indiana, United States of America
Indianapolis, Indiana, United States of America
South Bend, Indiana, United States of America
Davenport, Iowa, United States of America
Cedar Rapids, Iowa, United States of America
Kansas City, Kansas, United States of America
Olathe, Kansas, United States of America
Overland Park, Kansas, United States of America
Wichita, Kansas, United States of America
Lexington (- Fayette), Kentucky, United States of America
Louisville (/ Jefferson County), Kentucky, United States of America
Lafayette, Louisiana, United States of America
Metairie, Louisiana, United States of America
Shreveport, Louisiana, United States of America
New Orleans, Louisiana, United States of America
Baltimore, Maryland, United States of America
Columbia, Maryland, United States of America
Boston, Massachusetts, United States of America
Cambridge, Massachusetts, United States of America
Lowell, Massachusetts, United States of America
Worcester, Massachusetts, United States of America
Ann Arbor, Michigan, United States of America
Clinton, Michigan, United States of America
Detroit, Michigan, United States of America
Grand Rapids, Michigan, United States of America
Lansing, Michigan, United States of America
Minneapolis, Minnesota, United States of America
Rochester, Minnesota, United States of America
St. Paul, Minnesota, United States of America
Jackson, Mississippi, United States of America
Independence, Missouri, United States of America
St. Louis, Missouri, United States of America
Billings, Montana, United States of America
Lincoln, Nebraska, United States of America
Omaha, Nebraska, United States of America
Henderson, Nevada, United States of America
Las Vegas, Nevada, United States of America
North Las Vegas, Nevada, United States of America
Paradise, Nevada, United States of America
Reno, Nevada, United States of America
Sparks, Nevada, United States of America
Spring Valley, Nevada, United States of America
Sunrise Manor, Nevada, United States of America
Manchester, New Hampshire, United States of America
Edison, New Jersey, United States of America
Elizabeth, New Jersey, United States of America
Jersey City, New Jersey, United States of America
Newark, New Jersey, United States of America
Paterson, New Jersey, United States of America
Albuquerque, New Mexico, United States of America
Las Cruces, New Mexico, United States of America
New York, New York, United States of America
Syracuse, New York, United States of America
Yonkers, New York, United States of America
Cary, North Carolina, United States of America
Charlotte, North Carolina, United States of America
Durham, North Carolina, United States of America
Fayetteville, North Carolina, United States of America
Greensboro, North Carolina, United States of America
High Point, North Carolina, United States of America
Raleigh, North Carolina, United States of America
Wilmington, North Carolina, United States of America
Winston-Salem, North Carolina, United States of America
Fargo, North Dakota, United States of America
Akron, Ohio, United States of America
Cleveland, Ohio, United States of America
Dayton, Ohio, United States of America
Toledo, Ohio, United States of America
Broken Arrow, Oklahoma, United States of America
Oklahoma City, Oklahoma, United States of America
Tulsa, Oklahoma, United States of America
Norman, Oklahoma, United States of America
Eugene, Oregon, United States of America
Gresham, Oregon, United States of America
Hillsboro, Oregon, United States of America
Portland, Oregon, United States of America
Salem, Oregon, United States of America
Allentown, Pennsylvania, United States of America
Philadelphia, Pennsylvania, United States of America
Pittsburgh, Pennsylvania, United States of America
Providence, Rhode Island, United States of America
Charleston, South Carolina, United States of America
North Charleston, South Carolina, United States of America
Sioux Falls, South Dakota, United States of America
Chattanooga, Tennessee, United States of America
Clarksville, Tennessee, United States of America
Knoxville, Tennessee, United States of America
Memphis, Tennessee, United States of America
Murfreesboro, Tennessee, United States of America
Nashville (- Davidson), Tennessee, United States of America
Abilene, Texas, United States of America
Allen, Texas, United States of America
Amarillo, Texas, United States of America
Arlington, Texas, United States of America
Austin, Texas, United States of America
Beaumont, Texas, United States of America
Brownsville, Texas, United States of America
Carrollton, Texas, United States of America
College Station, Texas, United States of America
Corpus Christi, Texas, United States of America
Dallas, Texas, United States of America
Denton, Texas, United States of America
El Paso, Texas, United States of America
Fort Worth, Texas, United States of America
Frisco, Texas, United States of America
Garland, Texas, United States of America
Grand Prairie, Texas, United States of America
Houston, Texas, United States of America
Irving, Texas, United States of America
Killeen, Texas, United States of America
Laredo, Texas, United States of America
League City, Texas, United States of America
Lewisville, Texas, United States of America
Lubbock, Texas, United States of America
McAllen, Texas, United States of America
McKinney, Texas, United States of America
Mesquite, Texas, United States of America
Midland, Texas, United States of America
Odessa, Texas, United States of America
Pearland, Texas, United States of America
Plano, Texas, United States of America
Richardson, Texas, United States of America
Round Rock, Texas, United States of America
San Angelo, Texas, United States of America
San Antonio, Texas, United States of America
The Woodlands, Texas, United States of America
Tyler, Texas, United States of America
Waco, Texas, United States of America
Wichita Falls, Texas, United States of America
Provo, Utah, United States of America
Salt Lake City, Utah, United States of America
West Jordan, Utah, United States of America
West Valley City, Utah, United States of America
Barre, Vermont, United States of America
Burlington, Vermont, United States of America
Montpelier, Vermont, United States of America
NewPort, Vermont, United States of America
Rutland, Vermont, United States of America
South Burlington, Vermont, United States of America
ST Albans, Vermont, United States of America
Vergennes, Vermont, United States of America
Windooski, Vermont, United States of America
Alexandria, Virginia, United States of America
Chesapeake, Virginia, United States of America
Newport News, Virginia, United States of America
Norfolk, Virginia, United States of America
Virginia Beach, Virginia, United States of America
Bellevue, Washington, United States of America
Everett, Washington, United States of America
Kent, Washington, United States of America
Renton, Washington, United States of America
Seattle, Washington, United States of America
Spokane, Washington, United States of America
Tacoma, Washington, United States of America
Vancouver, Washington, United States of America
Beckley, West Virginia, United States of America
Huntington, West Virginia, United States of America
Morgantown, West Virginia, United States of America
Parkersburg, West Virginia, United States of America
Weirton, West Virginia, United States of America
Wheeling, West Virginia, United States of America
Green Bay, Wisconsin, United States of America
Madison, Wisconsin, United States of America
Milwaukee, Wisconsin, United States of America
Casper, Wyoming, United States of America
Cheyenne, Wyoming, United States of America
Cody, Wyoming, United States of America
Douglas, Wyoming, United States of America
Evanston, Wyoming, United States of America
Gillette, Wyoming, United States of America
Green River, Wyoming, United States of America
Kemmerer, Wyoming, United States of America
Lander, Wyoming, United States of America
Laramie, Wyoming, United States of America
Newcastle, Wyoming, United States of America
Powell, Wyoming, United States of America
Rawlins, Wyoming, United States of America
Riverton, Wyoming, United States of America
Rock Springs, Wyoming, United States of America
Sheridan, Wyoming, United States of America
Torrington, Wyoming, United States of America
Worland, Wyoming, United States of America